price,cost,sales,profit_margin,inventory,discount_percentage,delivery_days,category,material,color,location,season,store_type,revenue,img
218.5430535,181.6109316,40,16.89924312,105,27.79643342,9,Bed,Plastic,Red,Rural,Spring,Online,3949.165238,0_bed_plastic_red_rural_spring.png
76.13762548,64.0762673,20,15.84152132,165,29.35962244,9,Sofa,Glass,Green,Suburban,Summer,Online,4128.412805,1_sofa_glass_green_suburban_summer.png
145.5525998,102.4942102,11,29.58270044,35,5.04781333,2,Desk,Plastic,Blue,Suburban,Summer,Online,1003.510254,2_desk_plastic_blue_suburban_summer.png
132.5320294,115.3761615,3,12.94469573,30,29.26351572,1,Table,Fabric,Black,Suburban,Summer,Retail,1398.516925,3_table_fabric_black_suburban_summer.png
112.7722373,62.45033877,3,44.62259482,183,9.727526216,2,Bed,Glass,White,Urban,Fall,Retail,3196.398404,4_bed_glass_white_urban_fall.png
181.4650918,112.4644851,29,38.02417647,151,3.331047691,7,Chair,Metal,Green,Urban,Spring,Online,-1044.709669,5_chair_metal_green_urban_spring.png
357.9048619,286.8146376,12,19.86288311,108,23.72549033,6,Bed,Wood,Blue,Suburban,Spring,Retail,1221.715009,6_bed_wood_blue_suburban_spring.png
248.0686222,200.3325571,38,19.24308872,115,24.09018091,7,Bed,Wood,Blue,Rural,Fall,Online,8313.359959,7_bed_wood_blue_rural_fall.png
104.9172057,80.09549513,44,23.65837937,91,21.48446337,9,Chair,Plastic,Red,Urban,Winter,Online,286.6430254,8_chair_plastic_red_urban_winter.png
166.4509917,89.12483286,10,46.45581144,56,3.101340216,4,Bed,Wood,Blue,Urban,Summer,Online,4207.972705,9_bed_wood_blue_urban_summer.png
348.135028,241.9716424,17,30.49488761,49,5.419880967,1,Desk,Fabric,Blue,Suburban,Summer,Retail,5613.495147,
319.0549905,168.7566682,13,47.10734099,103,17.89973676,5,Sofa,Fabric,Blue,Suburban,Summer,Online,4736.892708,
464.8434058,410.0133052,34,11.79539171,83,18.14405286,9,Table,Glass,White,Suburban,Summer,Retail,12645.56475,
113.4159012,67.25038159,10,40.70462708,119,4.23328945,9,Desk,Plastic,Brown,Rural,Winter,Online,372.0315388,
83.54778966,68.62557772,6,17.86069027,129,5.378887058,5,Chair,Glass,Black,Rural,Fall,Retail,3497.517513,
494.0991215,430.7018667,8,12.83087785,147,6.772892246,5,Chair,Plastic,Black,Rural,Fall,Retail,-3213.388677,
52.48495271,32.99195102,9,37.14017195,87,24.31093199,4,Desk,Wood,Blue,Rural,Winter,Online,-7621.761556,
416.9576428,287.9404385,2,30.94252055,67,23.9054453,2,Desk,Plastic,Red,Urban,Summer,Retail,7483.586849,
397.071656,354.026089,36,10.84075539,21,20.16836488,9,Chair,Wood,Green,Rural,Spring,Online,18011.57888,
198.9041112,139.478242,36,29.87664197,96,15.6262211,9,Bed,Metal,Black,Suburban,Spring,Retail,9135.566491,
262.4967163,206.2124468,22,21.4418947,94,14.38247396,7,Bed,Plastic,Green,Suburban,Summer,Retail,6552.201441,
103.8174107,86.06607835,21,17.09860822,54,15.41111597,5,Bed,Fabric,Brown,Rural,Summer,Online,-3187.673544,
392.3532719,282.8868609,30,27.8999613,151,3.740923414,6,Table,Fabric,Red,Rural,Fall,Online,11483.15683,
396.935231,221.1526166,20,44.28496155,25,22.92767022,6,Sofa,Plastic,Blue,Urban,Spring,Retail,3347.469841,
272.2080184,220.5261848,24,18.98615398,193,29.79462311,7,Chair,Plastic,Black,Urban,Winter,Online,6256.68761,
242.3934583,169.3550176,7,30.13218309,165,23.80897243,2,Chair,Glass,Brown,Rural,Summer,Online,-6947.510551,
61.43860703,37.70546523,9,38.62903628,64,18.49382635,3,Table,Metal,Red,Rural,Summer,Online,7435.005785,
458.4049133,229.2271542,22,49.99461228,164,11.44246031,9,Table,Plastic,White,Urban,Fall,Online,6052.029339,
162.1815031,114.2490284,44,29.55483443,80,2.359861749,3,Chair,Plastic,Blue,Rural,Fall,Retail,4628.999014,
84.64095942,44.4429236,38,47.49241514,41,5.539537377,6,Bed,Wood,Red,Urban,Fall,Online,-1500.598247,
180.3881538,150.7567653,24,16.42646031,155,10.2328295,7,Table,Metal,Black,Urban,Summer,Online,608.2776641,
122.5495793,61.4620416,10,49.84720309,28,16.3061894,3,Table,Fabric,Green,Urban,Winter,Online,-1499.939799,
468.3639436,280.4233321,8,40.12704523,170,21.35046178,5,Table,Plastic,White,Urban,Winter,Online,10182.65777,
413.6541708,329.4183066,21,20.36383775,130,6.327820083,8,Sofa,Plastic,Red,Suburban,Summer,Online,10705.89813,
335.0316904,209.9000544,6,37.34919401,137,20.17567213,4,Sofa,Fabric,Brown,Rural,Fall,Retail,5813.914884,
442.1572656,239.0996167,21,45.92430448,186,21.12777224,2,Chair,Wood,Brown,Rural,Fall,Online,-1710.588992,
411.6524346,265.1426852,39,35.59064325,141,16.75867011,4,Table,Metal,Blue,Rural,Winter,Online,13537.17567,
292.7040089,183.0392811,18,37.4660833,93,5.313643728,4,Sofa,Plastic,Green,Urban,Winter,Retail,17021.34303,
453.241085,388.3137819,32,14.32511421,31,3.801382057,9,Desk,Plastic,Blue,Rural,Summer,Retail,15949.61882,
99.52336604,85.98592485,48,13.60227425,159,11.952014,9,Desk,Fabric,Blue,Urban,Summer,Online,1657.220097,
53.12845874,37.05846092,42,30.24743838,121,17.27355633,5,Desk,Glass,Brown,Rural,Winter,Retail,-2124.369703,
149.9485147,117.1911875,26,21.84571633,80,0.800302878,3,Sofa,Metal,White,Rural,Spring,Online,315.7590999,
103.9394153,52.15111393,25,49.82546921,157,0.372767814,5,Bed,Wood,Red,Urban,Winter,Retail,6821.957171,
195.4413194,149.8163575,34,23.34458346,51,21.9366333,9,Sofa,Plastic,Brown,Rural,Summer,Retail,14739.43371,
283.4557798,251.2605894,40,11.35809979,90,26.15955289,7,Bed,Fabric,Red,Urban,Summer,Online,5446.163949,
483.1012827,299.1464031,7,38.07791165,109,25.02415982,8,Chair,Metal,Brown,Rural,Winter,Retail,-822.754221,
163.3020331,88.53353897,40,45.78540311,48,14.69112096,2,Table,Fabric,Brown,Suburban,Spring,Online,5808.557964,
66.59912631,42.89118174,18,35.59798136,52,26.76458751,3,Chair,Wood,Red,Suburban,Fall,Retail,2101.228756,
73.16543806,49.24704575,37,32.69083456,167,29.99122913,4,Desk,Glass,Red,Urban,Summer,Online,12603.71227,
156.9368948,91.77632286,10,41.52023781,133,1.885724624,5,Chair,Wood,Black,Rural,Spring,Online,779.9854935,
335.0883698,196.4610619,2,41.37037283,196,16.14411203,4,Desk,Metal,Black,Rural,Spring,Retail,2957.117013,
354.9039628,268.99344,4,24.20669584,191,17.61398405,1,Bed,Fabric,Blue,Urban,Fall,Retail,2720.605623,
57.46452302,37.81466516,42,34.1947637,61,2.000469011,9,Bed,Fabric,Green,Rural,Spring,Retail,1746.151735,
340.3277557,291.3498274,37,14.39139989,124,20.12480042,2,Desk,Fabric,Brown,Suburban,Winter,Retail,-2096.676695,
128.4648931,79.00126375,30,38.50361614,160,21.09281711,8,Chair,Plastic,Red,Urban,Summer,Retail,-1275.782966,
360.9219821,233.5578102,19,35.28856049,65,8.744524105,2,Table,Fabric,Green,Rural,Summer,Retail,3374.121249,
346.9928207,176.17903,48,49.22689476,131,10.73439839,3,Desk,Glass,Black,Suburban,Winter,Online,17025.8136,
288.3427603,201.016954,30,30.28541662,145,11.00979801,3,Chair,Plastic,Red,Urban,Summer,Online,8456.07804,
87.86298425,78.233687,13,10.95944707,136,23.17232999,2,Table,Wood,Red,Urban,Summer,Online,-2364.203308,
122.7329213,67.53011852,37,44.97799141,187,22.83826369,2,Sofa,Fabric,Black,Suburban,Spring,Retail,2426.296174,
322.8930768,260.9180403,12,19.19367153,14,26.63173194,6,Bed,Metal,White,Rural,Winter,Online,1501.824545,
343.3825668,219.5032667,16,36.07617627,55,12.57263261,9,Bed,Plastic,Blue,Rural,Fall,Retail,4086.265293,
156.7620894,97.17998753,9,38.0079789,104,20.93915373,9,Sofa,Metal,Blue,Urban,Fall,Online,-3441.149417,
196.4298642,149.0084532,32,24.14165033,133,0.047382632,7,Bed,Plastic,Red,Rural,Fall,Online,-3589.931623,
385.9211323,343.3454553,15,11.03222225,118,26.1452164,4,Sofa,Metal,White,Rural,Spring,Online,7975.904865,
92.15364552,74.84262463,10,18.78495506,124,14.91607211,5,Desk,Plastic,Black,Suburban,Spring,Retail,-8915.350481,
334.0123817,231.6812848,40,30.63691721,168,22.41947477,8,Bed,Plastic,Black,Suburban,Spring,Online,11940.59357,
407.6650866,325.7153388,28,20.10222374,61,1.591376436,9,Desk,Wood,Brown,Rural,Winter,Retail,11244.32916,
60.94218489,43.74386965,6,28.22070669,7,7.25881907,2,Desk,Metal,Black,Rural,Summer,Retail,-4152.43615,
479.2678597,282.841129,44,40.98474928,84,21.92052292,3,Desk,Plastic,Blue,Urban,Summer,Retail,8997.340073,
467.7433532,380.0549185,29,18.74712577,50,5.934732865,3,Table,Wood,Black,Rural,Fall,Online,22830.50862,
433.854255,327.2917897,45,24.56181171,28,20.568092,7,Bed,Fabric,Blue,Urban,Fall,Retail,13430.84591,
495.5242325,249.3163956,31,49.68633637,187,1.572170594,2,Desk,Metal,Black,Urban,Fall,Online,18810.70871,
283.2483436,192.3452743,25,32.09306298,147,21.63773724,2,Table,Plastic,Green,Suburban,Winter,Retail,1272.328267,
363.6570834,258.8743459,26,28.81361104,104,23.45857851,3,Chair,Glass,White,Rural,Winter,Retail,12039.47789,
366.1178378,218.4834988,37,40.32426824,33,4.669439783,9,Bed,Metal,Brown,Rural,Summer,Retail,9131.800919,
414.5510276,252.8270133,9,39.0118474,32,12.58541128,1,Desk,Glass,Red,Suburban,Spring,Online,2945.224816,
440.1825434,362.1761206,12,17.72138036,97,9.495053378,5,Desk,Wood,Black,Rural,Spring,Online,7463.909742,
365.8850948,248.1493653,46,32.17833445,76,2.592738973,5,Chair,Wood,White,Rural,Fall,Online,19118.42958,
202.0978206,169.2488137,39,16.25401344,79,28.23406755,2,Bed,Fabric,Green,Suburban,Summer,Online,6254.022458,
92.29187293,75.426193,45,18.27428504,27,8.626501183,7,Desk,Wood,Green,Urban,Winter,Online,6431.60528,
63.72511247,50.00440257,33,21.53108777,140,18.26168827,8,Bed,Wood,Green,Suburban,Fall,Retail,3529.578989,
212.0857886,128.0609438,8,39.61832867,27,20.72560513,4,Table,Glass,Brown,Urban,Fall,Online,9611.988387,
285.009467,210.1729278,10,26.25756258,98,3.490453496,4,Desk,Metal,Brown,Suburban,Fall,Retail,6501.985984,
147.1194624,110.1832538,15,25.10626942,122,29.04623783,9,Table,Fabric,Brown,Suburban,Spring,Retail,7278.525533,
336.8434557,297.7878858,10,11.59457582,148,4.455522728,9,Table,Fabric,White,Suburban,Spring,Retail,9502.206177,
171.8745131,135.3223849,40,21.26675299,144,14.67402095,9,Desk,Fabric,Blue,Rural,Fall,Retail,5148.136369,
363.1883927,293.6925714,36,19.13492356,131,15.8968589,3,Bed,Metal,Brown,Suburban,Winter,Online,7002.370645,
234.028825,163.716799,37,30.04417342,99,11.7502679,5,Chair,Fabric,Brown,Urban,Winter,Online,12307.70559,
127.982444,64.6108166,3,49.51587533,53,18.65743264,3,Chair,Metal,Red,Urban,Spring,Retail,-2744.51562,
162.6093042,104.5271694,18,35.71882624,24,2.847237293,6,Desk,Metal,Blue,Suburban,Spring,Online,3674.848741,
299.4593236,237.0354036,29,20.84554231,21,28.6761013,3,Sofa,Metal,Red,Urban,Spring,Retail,9319.974175,
325.2743358,175.0495425,41,46.18402891,69,22.02325744,2,Sofa,Glass,Green,Urban,Fall,Retail,14526.5293,
263.3782231,211.8622774,39,19.55968306,140,29.08083735,2,Desk,Metal,Red,Suburban,Spring,Online,-1661.720156,
331.6369621,213.3856297,26,35.65686154,122,12.58163495,9,Bed,Wood,Green,Urban,Spring,Online,14332.97265,
346.4121342,199.7541156,23,42.33628217,42,23.76133773,7,Chair,Wood,Blue,Urban,Winter,Retail,888.3259838,
61.93008974,36.43601794,9,41.16588868,81,9.437446396,3,Table,Glass,White,Suburban,Spring,Online,922.7029496,
473.1036086,243.3680575,7,48.55924727,177,28.57926392,6,Table,Fabric,Green,Rural,Summer,Online,8357.10361,
256.2138007,225.515203,24,11.98163318,157,8.421292274,8,Sofa,Fabric,White,Urban,Fall,Retail,-6037.524631,
295.5275552,216.5179433,40,26.73510828,109,29.97948805,9,Table,Metal,Brown,Rural,Spring,Retail,11338.58123,
482.5357537,340.9980548,31,29.33206459,41,19.77984384,9,Desk,Plastic,Black,Suburban,Summer,Online,13136.54331,
457.4077889,367.5319618,47,19.64894985,67,8.818841292,9,Table,Metal,Blue,Urban,Spring,Retail,16280.12096,
138.1060107,84.65876721,40,38.70015736,188,6.474127532,5,Table,Wood,Red,Rural,Fall,Online,124.7782481,
430.1938899,300.7123867,47,30.09840591,102,23.92627437,2,Sofa,Metal,Black,Suburban,Fall,Retail,11583.13683,
363.5317244,306.0981037,16,15.79879194,62,18.04160958,5,Desk,Glass,Brown,Urban,Spring,Online,7826.634331,
333.0242811,194.0966495,30,41.71696763,74,19.66360369,2,Table,Plastic,White,Rural,Winter,Retail,8429.200182,
411.5664187,360.6613357,36,12.36861918,103,1.988705623,7,Chair,Plastic,Black,Rural,Spring,Online,12693.68007,
387.7766382,319.6642272,49,17.56485676,198,0.040665735,6,Table,Wood,White,Suburban,Winter,Online,19418.59446,
468.8407965,398.6802873,44,14.96467666,25,2.385591399,7,Chair,Fabric,Blue,Urban,Winter,Online,21566.95229,
436.2857383,312.2225752,31,28.43621789,169,14.64114673,6,Chair,Metal,Black,Rural,Fall,Retail,2443.917525,
243.0473123,148.9853218,23,38.70110295,168,4.644472646,2,Desk,Metal,Brown,Suburban,Spring,Online,11019.22328,
456.148808,367.7556991,28,19.37812998,65,17.14909854,3,Desk,Plastic,Black,Urban,Fall,Retail,2548.263513,
421.9058597,281.2535555,37,33.33736686,143,11.83453894,2,Desk,Metal,Red,Rural,Spring,Online,6261.913902,
452.9854528,236.3921654,15,47.8146232,155,22.77084144,2,Sofa,Wood,Brown,Rural,Winter,Online,2668.86544,
477.5278852,239.045459,45,49.94104712,159,29.58202441,8,Table,Glass,Brown,Suburban,Winter,Online,20915.21218,
334.3267455,197.1582969,36,41.02826067,58,23.99288228,6,Sofa,Metal,White,Rural,Fall,Online,3676.517025,
251.8004849,192.6824842,36,23.47811233,40,10.36383454,4,Sofa,Glass,Green,Rural,Summer,Retail,10301.29515,
181.9448473,144.9661092,20,20.32414692,111,7.788318757,5,Table,Glass,White,Rural,Summer,Retail,66.50420396,
75.90144201,49.21270397,2,35.16235967,104,16.67114581,7,Table,Wood,Black,Urban,Spring,Online,3448.496849,
449.4668822,401.7979354,32,10.60566389,182,26.61319538,3,Table,Fabric,Blue,Urban,Summer,Online,1170.192615,
367.8090022,323.9987991,8,11.91112857,144,19.53530882,9,Sofa,Wood,Blue,Urban,Fall,Retail,-1017.776095,
86.60695129,44.77310201,1,48.30310807,162,23.03900273,6,Desk,Plastic,Brown,Urban,Fall,Retail,-7516.63607,
88.17697134,53.44674776,28,39.3869545,193,28.82184265,3,Desk,Plastic,Green,Suburban,Winter,Online,12074.5845,
493.9878103,365.8580186,49,25.93784483,74,14.98647487,3,Chair,Metal,White,Rural,Fall,Retail,15454.74882,
415.7598053,334.105458,21,19.6397887,28,14.36911684,1,Desk,Wood,Red,Rural,Fall,Online,7502.501731,
493.7004787,348.3263173,21,29.44582143,19,11.84402305,4,Desk,Plastic,Blue,Rural,Summer,Retail,8396.808534,
240.8999042,189.2824393,40,21.42693457,57,27.93361356,5,Sofa,Wood,Green,Urban,Spring,Retail,7307.747871,
457.8594733,313.4901808,38,31.53135425,103,28.83062807,8,Sofa,Glass,White,Urban,Summer,Online,9465.077223,
55.10914015,43.62397787,36,20.84075753,127,19.61293509,3,Chair,Glass,Blue,Suburban,Winter,Retail,5686.866296,
75.33647406,45.9272719,13,39.03713643,24,1.908269885,3,Chair,Metal,Blue,Urban,Winter,Online,-2041.664021,
102.886811,59.47847874,33,42.19037588,18,15.37319306,5,Desk,Glass,Black,Rural,Fall,Retail,2944.101555,
287.4654991,187.9282747,16,34.62579846,19,12.49776683,2,Bed,Wood,Red,Urban,Spring,Online,5279.227189,
285.3940299,253.4592496,25,11.18971561,179,0.734407974,1,Table,Glass,Black,Suburban,Fall,Online,8710.867303,
333.2293872,224.95134,28,32.49354687,135,23.72108711,5,Sofa,Plastic,White,Urban,Winter,Online,6750.073974,
254.5434791,199.0398673,21,21.8051596,154,8.794678268,1,Chair,Fabric,Blue,Suburban,Winter,Online,1479.814363,
332.401136,274.8462971,18,17.31487432,171,0.177721964,2,Chair,Metal,Red,Rural,Winter,Online,5410.971366,
70.45087115,36.68147816,29,47.93325113,46,27.405329,6,Chair,Metal,Red,Suburban,Fall,Online,1344.957278,
450.6187028,380.7981234,1,15.49438115,47,10.49550708,5,Sofa,Fabric,Black,Urban,Spring,Retail,-303.1704941,
329.059669,269.8293869,3,17.99986073,179,23.5322435,2,Table,Glass,Black,Suburban,Spring,Retail,4140.317441,
209.0085026,176.8459197,41,15.38816964,124,25.90639595,4,Table,Wood,Black,Rural,Summer,Online,6306.36465,
84.98058663,53.02067492,3,37.60848563,3,6.439138887,4,Sofa,Glass,Brown,Urban,Fall,Retail,-380.5219182,
459.917233,396.648638,21,13.75651758,38,7.755017031,1,Chair,Fabric,Black,Urban,Summer,Online,7325.045943,
439.7287503,281.9467758,9,35.88165986,185,24.96573457,3,Table,Plastic,Red,Suburban,Summer,Online,2123.476447,
70.34840155,52.65697305,17,25.14830204,27,18.70171161,9,Desk,Fabric,Blue,Suburban,Fall,Online,2056.175147,
61.86513852,39.19898822,2,36.63800137,65,19.97146306,4,Table,Metal,White,Rural,Summer,Online,-4803.244949,
494.2742582,260.65122,7,47.26587199,57,12.74037037,6,Chair,Glass,Blue,Rural,Spring,Retail,2629.056768,
117.687601,95.73932675,42,18.6496063,141,4.588856118,8,Chair,Plastic,Black,Suburban,Fall,Online,7851.200955,
427.2479171,223.2944001,27,47.73657375,95,14.42010337,7,Sofa,Wood,Green,Suburban,Winter,Online,12473.64511,
260.9119219,169.4801446,47,35.04315812,32,13.43986364,9,Table,Plastic,Green,Rural,Fall,Retail,-3641.090413,
439.1250693,330.6229125,17,24.70871385,189,4.809614141,1,Table,Fabric,Brown,Suburban,Fall,Online,-6405.128878,
415.8054541,240.9995337,5,42.04031444,140,8.464667521,6,Desk,Glass,Red,Suburban,Spring,Online,7199.99736,
498.4865767,398.9766521,18,19.96240807,46,22.02220593,5,Sofa,Fabric,White,Suburban,Spring,Online,2850.196854,
299.9442675,162.1346216,7,45.9450841,111,0.923255348,5,Desk,Wood,Brown,Suburban,Summer,Retail,8305.353291,
432.3413258,290.8825173,36,32.7192429,42,14.42170369,2,Chair,Fabric,Blue,Urban,Fall,Retail,10891.17524,
108.1217368,76.49400937,4,29.25196022,124,22.43770954,1,Table,Glass,Brown,Suburban,Spring,Retail,2935.972195,
352.265308,233.0025066,30,33.85595991,77,10.83799165,6,Table,Wood,Green,Rural,Fall,Online,12853.00689,
211.1732231,165.0998233,4,21.81782288,176,11.55152038,9,Desk,Plastic,Green,Suburban,Summer,Retail,-2706.321258,
352.207938,224.9233941,29,36.13903328,189,12.52917018,5,Table,Plastic,Blue,Rural,Winter,Retail,4526.359912,
284.1384654,187.2600211,9,34.09550486,48,22.09955626,4,Table,Wood,White,Urban,Winter,Online,7517.660648,
302.4220872,185.9849463,18,38.5015334,75,17.71142896,7,Table,Wood,Blue,Suburban,Spring,Online,10498.01133,
444.4941212,339.0167443,42,23.72975746,14,2.103541372,1,Desk,Metal,Brown,Suburban,Summer,Retail,26310.51165,
231.5672898,205.4962709,19,11.25850673,81,0.788931801,1,Desk,Metal,Brown,Rural,Summer,Retail,1638.631902,
110.3068528,81.78755433,12,25.85451198,91,7.830859959,5,Table,Plastic,Red,Rural,Summer,Retail,5312.711794,
366.8358956,227.0407212,24,38.10836839,61,14.7133938,1,Table,Fabric,Blue,Rural,Fall,Online,8303.008623,
158.0655285,122.0336621,47,22.79552458,56,15.01000967,5,Table,Wood,Black,Suburban,Summer,Online,11045.65205,
107.6206275,78.90426098,22,26.68295773,54,22.92972001,6,Desk,Wood,Red,Rural,Spring,Online,5815.842185,
118.3562121,71.16056182,18,39.87593843,60,14.78022991,1,Bed,Plastic,Brown,Rural,Summer,Online,7182.432629,
338.3936352,298.8125458,46,11.6967594,7,4.407267271,5,Chair,Plastic,Brown,Suburban,Fall,Retail,15437.49135,
131.846038,86.96750925,32,34.03858729,15,16.56482481,1,Table,Wood,Black,Rural,Summer,Online,6930.035431,
453.5547845,260.9827897,28,42.45837577,115,8.459980581,7,Table,Glass,White,Urban,Summer,Retail,12068.54244,
142.8501733,112.7629451,18,21.06208729,66,9.421320091,7,Chair,Metal,Blue,Suburban,Spring,Online,10482.14732,
276.5377719,203.4714031,9,26.42184042,48,7.104387824,7,Sofa,Metal,Red,Rural,Fall,Retail,1295.560579,
86.79156438,46.56858622,18,46.34434055,112,4.101668291,7,Bed,Metal,Green,Suburban,Winter,Online,316.09677,
443.1103808,256.8746923,5,42.02918654,132,12.50084519,7,Desk,Fabric,Green,Urban,Fall,Online,7279.155633,
386.7168607,226.5242711,39,41.42374068,92,1.846700328,2,Table,Glass,Red,Urban,Summer,Retail,18034.14031,
216.7124463,113.7763137,28,47.49894817,100,23.39881382,4,Sofa,Metal,White,Rural,Winter,Online,1438.215657,
268.0353433,183.2225832,12,31.64237934,118,19.99908217,6,Sofa,Metal,Blue,Suburban,Spring,Retail,-1595.376963,
258.1406223,198.5485156,14,23.08513326,19,23.9481899,4,Chair,Fabric,Blue,Suburban,Spring,Retail,-312.8402048,
280.254849,244.6860815,38,12.69157967,166,2.48001114,6,Table,Metal,Brown,Rural,Fall,Online,19588.39649,
145.1516031,106.5092801,5,26.62204361,50,27.60817106,1,Table,Glass,Black,Suburban,Summer,Retail,-8221.241913,
197.3738085,141.1879546,44,28.46672227,63,13.22295743,7,Table,Metal,Brown,Suburban,Summer,Online,13810.93541,
355.5960436,272.594671,39,23.3414781,192,3.142876094,2,Desk,Wood,Blue,Suburban,Spring,Retail,18779.6003,
244.2467958,165.3595275,17,32.29817941,54,24.98049671,4,Chair,Plastic,Red,Urban,Summer,Online,8282.392925,
340.6627586,282.7151018,31,17.01027051,109,19.12177494,5,Table,Wood,Green,Urban,Spring,Retail,6315.22321,
118.7866126,82.72754559,44,30.35617082,9,23.80309746,2,Table,Fabric,White,Urban,Winter,Online,-500.5429608,
100.417506,76.88845461,3,23.4312246,24,12.86517046,9,Sofa,Plastic,Blue,Suburban,Summer,Retail,480.6357235,
229.0350196,195.2927204,12,14.73237553,11,11.97978439,9,Sofa,Wood,Green,Suburban,Spring,Retail,7087.032094,
166.0562722,102.2366918,7,38.43250215,63,25.46373758,7,Chair,Glass,Red,Urban,Winter,Online,-2008.099294,
350.889449,210.5276266,2,40.00172214,49,17.9569305,1,Table,Wood,Brown,Urban,Spring,Retail,-4305.268564,
468.2191951,330.5638117,4,29.39977361,189,15.08529186,6,Bed,Glass,Green,Urban,Spring,Retail,-2404.727685,
195.6556564,121.9166264,19,37.68816673,13,10.15579904,2,Desk,Plastic,White,Rural,Winter,Retail,6244.362619,
241.4463974,208.9755698,5,13.44846225,0,0.615348091,8,Bed,Wood,Green,Rural,Fall,Retail,-7434.525164,
324.7790191,228.0772553,27,29.77463386,68,20.62123253,6,Desk,Fabric,Red,Suburban,Fall,Online,6803.175428,
119.4632219,64.63285065,21,45.8972815,146,12.84370103,1,Bed,Wood,Green,Suburban,Spring,Online,560.8641873,
73.32059157,51.416284,4,29.8747011,117,24.1504464,5,Table,Glass,Brown,Rural,Summer,Online,-3265.042586,
195.0592302,164.5335748,37,15.64942883,129,18.11621735,4,Chair,Wood,Blue,Rural,Winter,Retail,1241.220961,
164.5882946,111.2097169,48,32.43157595,0,3.314508839,8,Sofa,Fabric,Green,Rural,Fall,Online,2580.279892,
378.8903638,300.4450619,27,20.70395804,182,12.62631749,1,Bed,Fabric,Green,Suburban,Fall,Online,2264.219601,
428.8229495,367.219194,35,14.3657786,26,1.886778674,6,Sofa,Wood,Green,Urban,Summer,Online,17495.46496,
407.8702903,261.7338448,41,35.82914691,98,10.99370762,4,Table,Wood,Black,Suburban,Winter,Online,14750.83348,
140.732294,76.29635169,2,45.78618062,71,22.67373729,1,Desk,Metal,Brown,Suburban,Summer,Retail,-4735.228894,
226.6002983,133.200543,43,41.21784307,64,29.61247092,6,Sofa,Fabric,Blue,Urban,Spring,Online,2778.630279,
417.4697478,369.0203467,3,11.60548789,67,16.7064177,3,Sofa,Glass,Black,Suburban,Fall,Online,5517.359964,
219.6249932,158.7342663,12,27.72486227,62,11.95697885,1,Bed,Fabric,Red,Urban,Fall,Online,-1319.532041,
332.4686239,246.7765502,40,25.77448443,87,28.62281745,7,Desk,Plastic,Brown,Rural,Spring,Online,9852.910756,
200.7075266,109.7632457,16,45.31184377,10,23.25482786,4,Chair,Plastic,Blue,Rural,Summer,Online,4073.487001,
112.6724327,71.53377043,45,36.51173698,186,24.10905441,8,Bed,Fabric,Black,Rural,Winter,Retail,1573.760104,
407.3113352,226.9281281,35,44.28632141,14,15.94802247,9,Sofa,Metal,Green,Urban,Summer,Retail,13204.90706,
118.2536959,68.79131493,7,41.82734466,72,18.23127335,9,Sofa,Glass,Black,Suburban,Summer,Online,-4786.280683,
65.08959563,53.18491983,3,18.28967546,64,20.81536159,5,Bed,Metal,Brown,Urban,Spring,Online,-5170.79403,
444.5445365,321.9708574,11,27.5728682,171,11.17582358,7,Table,Fabric,Brown,Urban,Winter,Online,18722.44268,
419.5657871,325.3534022,7,22.45473483,62,22.79163986,4,Desk,Wood,Blue,Suburban,Spring,Online,658.3183579,
107.369898,84.75537793,6,21.06225351,69,18.35712254,8,Sofa,Wood,Green,Suburban,Spring,Retail,-9994.352442,
375.0136558,260.2736766,16,30.5962136,73,15.37747881,7,Table,Metal,Blue,Suburban,Spring,Retail,3425.308842,
374.0164414,236.9212229,25,36.65486417,53,13.75973878,9,Table,Glass,White,Rural,Winter,Online,8424.026082,
362.2768,246.5357549,7,31.94823548,78,20.39432675,5,Chair,Metal,Black,Urban,Summer,Online,7986.092343,
205.5631971,175.3503305,45,14.69760493,57,2.897660475,1,Sofa,Fabric,Brown,Rural,Winter,Online,12230.06476,
230.3831375,189.2401796,27,17.85849362,38,16.88437833,7,Sofa,Plastic,Brown,Rural,Spring,Online,7818.727699,
119.0081314,62.69222747,38,47.32105552,36,7.523950053,4,Desk,Wood,Red,Suburban,Summer,Retail,14479.76683,
442.455759,233.0086584,15,47.33741088,100,12.06928601,7,Chair,Plastic,Brown,Rural,Winter,Retail,6231.709935,
118.6425693,106.6445953,33,10.11270584,124,19.78336976,2,Bed,Metal,Blue,Suburban,Spring,Retail,-7444.263457,
466.5058308,246.0750479,38,47.25145289,167,8.776212854,5,Desk,Wood,Red,Suburban,Fall,Online,17614.77096,
252.8777171,163.8216905,37,35.21703202,43,20.51680064,2,Table,Metal,Blue,Rural,Spring,Online,16726.49683,
493.1785395,389.1647694,31,21.09048991,178,3.385744948,3,Sofa,Fabric,Green,Suburban,Summer,Online,17825.13621,
229.5512167,115.2634943,23,49.78746097,106,3.752346804,8,Sofa,Metal,Brown,Suburban,Summer,Online,17260.22545,
463.9350274,371.4722183,30,19.9301203,31,17.3136681,8,Sofa,Metal,Brown,Suburban,Winter,Retail,4023.96608,
206.1289409,145.7750521,41,29.27967734,56,19.02275835,4,Bed,Fabric,White,Rural,Fall,Online,7333.816742,
253.4980734,194.8038873,5,23.15370106,8,4.147960316,1,Desk,Fabric,Black,Urban,Summer,Online,-1518.87537,
274.2654977,234.8161926,24,14.38361931,185,14.69484182,1,Table,Fabric,White,Urban,Winter,Online,7555.476167,
238.5164523,190.8110436,27,20.00088806,130,15.52297679,5,Chair,Plastic,Green,Suburban,Fall,Online,13232.29928,
311.2647576,229.9817394,27,26.11378776,63,27.82684046,6,Chair,Glass,Red,Urban,Winter,Online,17909.1218,
130.1161851,97.97183119,47,24.70434703,120,29.91510754,4,Bed,Plastic,Black,Rural,Fall,Online,2796.38701,
482.4816429,271.4396786,38,43.74093136,162,8.778266821,8,Sofa,Fabric,Brown,Urban,Winter,Retail,20749.06265,
275.9877546,172.6388198,15,37.44692767,108,17.43139474,4,Sofa,Glass,Blue,Urban,Fall,Online,4583.012354,
317.9232578,189.6730955,32,40.33997488,96,28.32688738,5,Sofa,Plastic,Black,Suburban,Fall,Retail,11294.09502,
80.18441482,46.98526503,26,41.40349452,31,24.35439321,8,Bed,Metal,Blue,Suburban,Summer,Online,492.5231918,
387.4822117,259.5899635,48,33.00596629,179,22.25498141,4,Desk,Wood,Red,Rural,Fall,Retail,15614.6969,
66.44735053,51.72676783,39,22.15375419,78,27.91099974,5,Chair,Metal,Blue,Rural,Spring,Retail,5862.849974,
304.17851,252.0825801,3,17.12676214,146,25.72981191,9,Chair,Wood,Black,Rural,Winter,Retail,-10000.04229,
248.3432361,150.4028212,11,39.43752061,72,25.08237826,1,Sofa,Fabric,Red,Rural,Summer,Online,-7705.213656,
301.8381491,227.7518887,33,24.54502874,97,15.69775539,6,Sofa,Wood,Brown,Urban,Summer,Online,3632.756564,
233.930377,178.9070464,36,23.52124221,52,22.00865488,6,Bed,Wood,Black,Urban,Winter,Retail,9769.410859,
120.2686688,97.56315853,47,18.87899027,186,25.62049001,9,Desk,Glass,Brown,Urban,Summer,Retail,5842.313948,
62.19319663,33.29537527,35,46.46460212,91,11.36661271,7,Bed,Wood,Brown,Rural,Summer,Retail,1224.929677,
94.74862674,48.85160821,3,48.44082717,23,23.14714318,4,Table,Metal,White,Urban,Winter,Online,494.6686322,
181.9164786,151.0209237,34,16.98337344,16,12.98404684,1,Desk,Wood,Green,Suburban,Winter,Retail,853.4076106,
88.47883888,64.6498029,10,26.93190405,60,21.13058869,8,Table,Plastic,Blue,Rural,Fall,Retail,-2310.092504,
143.5488148,75.6362101,12,47.30976344,122,24.08297014,8,Desk,Wood,Brown,Urban,Spring,Online,4082.023927,
61.93949174,33.32141338,36,46.20328253,92,7.16714087,1,Desk,Metal,Green,Suburban,Fall,Retail,5999.587675,
312.3687024,196.9971026,49,36.93443002,73,18.71666829,4,Desk,Fabric,Red,Suburban,Winter,Online,5863.0569,
315.6327241,209.7305617,5,33.55233928,197,12.84340709,2,Table,Wood,Black,Rural,Summer,Online,-10614.70041,
330.8670085,168.401499,26,49.10296443,199,28.82712462,4,Sofa,Wood,Red,Rural,Fall,Retail,16181.45888,
234.2352435,150.887488,21,35.58292691,98,26.79004087,8,Table,Wood,Green,Suburban,Spring,Retail,5093.533831,
113.0509291,57.17579888,8,49.42474216,188,16.05361523,1,Desk,Plastic,Red,Rural,Spring,Retail,-4327.057158,
269.3440392,201.8726124,15,25.05027661,130,20.37741004,2,Bed,Plastic,Red,Urban,Summer,Online,2892.224358,
170.9048117,123.9671964,3,27.46418597,14,23.7989423,6,Sofa,Metal,Black,Urban,Fall,Online,13012.32866,
335.0651989,283.3891986,31,15.42267013,37,28.16280381,7,Chair,Metal,Brown,Urban,Fall,Retail,8161.532722,
492.9809813,395.7119228,21,19.73079332,174,5.108074114,9,Table,Plastic,Red,Suburban,Fall,Retail,16078.94694,
309.432414,269.7185608,25,12.8344192,82,5.560619272,4,Desk,Fabric,Brown,Rural,Spring,Online,3369.073277,
142.8895723,127.5213934,7,10.75528369,30,19.68333451,3,Chair,Wood,Green,Suburban,Spring,Retail,119.3898544,
54.9481229,41.74978004,38,24.01964281,179,6.31385243,6,Table,Metal,Red,Urban,Winter,Online,3539.248045,
455.0083888,357.6548233,8,21.39599355,47,7.202089593,4,Table,Metal,White,Rural,Fall,Online,9683.633827,
461.4853757,299.6189405,29,35.07509526,99,14.89649441,1,Table,Wood,Red,Rural,Winter,Retail,11326.52285,
283.5129674,198.4998402,15,29.98562215,56,10.45527449,7,Chair,Glass,Black,Suburban,Winter,Retail,7012.197047,
87.25940057,53.23829408,29,38.98847146,78,0.908796794,2,Desk,Metal,White,Urban,Winter,Retail,-2267.241246,
321.4184493,180.7922939,16,43.75173725,109,23.11927581,4,Desk,Metal,Brown,Suburban,Winter,Online,5567.24964,
179.9121815,102.8634232,45,42.82575959,123,16.38149796,7,Desk,Metal,Blue,Urban,Summer,Online,2546.686879,
210.0527224,164.2729201,37,21.79443418,108,17.70939517,7,Table,Wood,Green,Urban,Winter,Retail,5461.50841,
348.6520244,176.995971,40,49.23420528,72,5.0190414,4,Table,Metal,Blue,Rural,Fall,Retail,16821.33693,
146.7231704,114.4229195,38,22.01441722,45,13.78449903,5,Chair,Glass,Black,Suburban,Summer,Retail,5731.738057,
168.0188199,137.9643483,48,17.88756261,42,6.806577444,8,Desk,Plastic,Red,Suburban,Summer,Online,11810.26295,
73.14161607,52.25047114,31,28.56259685,92,29.5272215,5,Sofa,Wood,Black,Rural,Summer,Retail,4220.27535,
273.3648112,190.0974122,14,30.46017469,102,24.95274422,4,Desk,Glass,Green,Rural,Fall,Retail,6271.982371,
83.81200178,72.79265163,13,13.14769951,30,6.180711707,7,Table,Glass,Green,Urban,Fall,Online,4283.354115,
462.791109,391.1504587,42,15.48012675,99,27.80420127,6,Table,Wood,Black,Rural,Winter,Retail,9645.413423,
477.6068092,276.3726411,41,42.1338566,23,7.24755002,9,Chair,Wood,White,Rural,Summer,Online,32922.07883,
379.5011989,194.3085615,9,48.79895979,190,17.89548002,6,Desk,Fabric,White,Rural,Winter,Online,-2125.443626,
149.5442488,94.82774588,3,36.588838,49,11.77578595,8,Chair,Plastic,Black,Urban,Fall,Online,-6048.984958,
494.4506036,260.4798488,6,47.31933849,109,8.741531581,7,Table,Metal,Blue,Suburban,Winter,Online,5028.886215,
131.2589053,70.09768882,2,46.59586056,80,13.45100806,2,Sofa,Metal,Red,Rural,Summer,Retail,3794.661294,
461.9697339,244.1112545,22,47.15860444,55,3.610213207,7,Desk,Plastic,White,Urban,Winter,Online,14454.14154,
183.8070533,126.3936123,39,31.23571156,140,6.705834669,1,Chair,Plastic,Black,Rural,Fall,Retail,2528.730024,
465.9782879,283.0467996,24,39.2575133,8,1.670184449,9,Table,Metal,Blue,Rural,Fall,Retail,12838.71231,
474.9199201,269.2779019,20,43.30035644,69,4.621849586,1,Bed,Wood,Blue,Suburban,Summer,Retail,8448.469926,
191.880652,100.7423191,45,47.49740631,35,12.05519057,4,Sofa,Fabric,Green,Urban,Summer,Online,222.4800497,
154.8317636,82.53999789,24,46.69052658,157,29.68559879,9,Chair,Glass,Red,Urban,Winter,Online,-1479.867289,
60.9803517,42.30909479,28,30.6184802,148,7.877171143,6,Chair,Wood,Brown,Suburban,Fall,Retail,5208.84768,
155.123488,110.9457275,41,28.47909179,68,24.4746157,4,Sofa,Fabric,Red,Rural,Fall,Retail,7843.039771,
222.9469912,128.8782107,3,42.19333931,0,14.02071865,9,Chair,Glass,Red,Rural,Winter,Retail,3736.171505,
403.8552565,279.9816808,26,30.67276547,146,14.01862075,5,Chair,Plastic,White,Suburban,Spring,Online,10256.89027,
237.9113491,153.3484988,37,35.54384884,156,13.34416485,4,Sofa,Wood,Black,Rural,Spring,Retail,5615.057725,
496.0258818,273.0130477,32,44.95991889,187,0.79150854,7,Chair,Fabric,Blue,Suburban,Fall,Retail,14308.51112,
342.340992,195.2016871,36,42.9803349,60,10.21965232,1,Desk,Fabric,White,Urban,Spring,Retail,2870.8095,
129.4376144,98.10052195,1,24.21019006,187,14.80592491,2,Table,Plastic,Green,Urban,Fall,Online,-678.1540275,
486.0961836,354.0486252,16,27.16490333,49,16.65017017,2,Bed,Fabric,Black,Urban,Fall,Online,8357.829521,
467.4885274,285.8492378,1,38.85427748,177,18.06506308,4,Table,Metal,Red,Suburban,Fall,Retail,-5573.765325,
228.3089085,189.5613207,24,16.97156194,169,28.42601552,2,Sofa,Glass,White,Suburban,Winter,Online,4087.043481,
417.1249062,303.8772411,36,27.1495812,138,14.96618463,7,Table,Fabric,White,Rural,Summer,Retail,18218.78896,
291.6384903,238.8790183,36,18.09070947,124,2.229946541,5,Table,Glass,Black,Suburban,Spring,Retail,7200.17387,
480.0431742,282.3622137,36,41.17982946,144,15.90346695,5,Chair,Glass,Blue,Suburban,Fall,Retail,6506.019667,
437.9574278,257.2049581,44,41.27169862,125,4.132887882,5,Bed,Glass,Red,Urban,Winter,Retail,16509.9569,
89.14404196,44.59531934,29,49.97386437,93,17.70693592,7,Table,Fabric,White,Urban,Summer,Retail,1321.338516,
233.8039459,198.3283152,26,15.17323863,50,20.85822399,4,Bed,Metal,Green,Urban,Summer,Online,2438.799431,
273.1440808,153.1845069,31,43.9180573,185,14.16350233,2,Bed,Metal,Red,Suburban,Winter,Online,5007.461601,
272.8159372,140.779475,2,48.39763524,159,11.88706574,9,Chair,Fabric,Brown,Urban,Winter,Online,-4849.368579,
421.1064347,250.6672526,14,40.47413385,45,6.852268847,1,Chair,Wood,Black,Rural,Winter,Online,-257.5995717,
304.5793838,209.099767,39,31.34802348,134,21.16088073,3,Sofa,Glass,Green,Urban,Fall,Online,8985.148548,
440.2823904,396.1762572,37,10.01769187,181,3.404209129,6,Sofa,Fabric,Black,Urban,Spring,Retail,17538.88201,
356.0633473,202.3448701,12,43.17166547,16,2.081859448,1,Sofa,Wood,Blue,Rural,Summer,Retail,-2057.302143,
446.3918416,314.3635547,12,29.5767697,149,18.45684608,1,Table,Fabric,Black,Rural,Spring,Online,6208.393571,
442.3295875,330.0007213,35,25.39483438,116,13.29540225,1,Chair,Fabric,Brown,Rural,Fall,Online,11003.58308,
418.0851609,282.3209708,17,32.47285547,112,19.6179408,2,Sofa,Plastic,White,Urban,Fall,Retail,9751.31575,
278.3604802,157.0709786,45,43.57281661,131,1.701598607,4,Bed,Metal,Green,Suburban,Summer,Online,15718.88592,
52.87364227,26.96495823,42,49.00113352,79,0.884290564,7,Sofa,Metal,Blue,Suburban,Winter,Online,2342.050976,
292.9934209,179.4350015,9,38.75800999,172,24.3827056,1,Desk,Fabric,Black,Urban,Summer,Online,1360.066746,
293.5699604,192.8277385,15,34.31625692,57,17.40115464,2,Table,Glass,Red,Urban,Fall,Online,425.6573769,
483.3464017,386.8259243,6,19.96921403,62,21.59083714,3,Sofa,Wood,Black,Rural,Spring,Online,8168.860907,
334.6798519,270.7923357,29,19.08914321,192,19.01302979,5,Sofa,Glass,Brown,Urban,Spring,Retail,10368.35633,
471.7528193,342.6400271,4,27.36873781,170,16.18847552,6,Chair,Glass,Green,Suburban,Fall,Retail,-6546.896355,
359.548575,313.4033511,18,12.83421131,164,3.871103634,7,Sofa,Glass,Red,Urban,Fall,Retail,11664.51089,
368.6774399,187.1635981,39,49.23378058,167,5.410679048,4,Bed,Plastic,Brown,Rural,Spring,Retail,20188.22434,
311.9767071,221.4704721,11,29.01057449,84,0.330853455,5,Sofa,Fabric,Black,Suburban,Fall,Online,-4685.248854,
329.411983,195.5950322,3,40.622976,136,0.377851145,1,Sofa,Wood,Black,Suburban,Winter,Retail,4185.068642,
70.58391522,45.03490234,42,36.19665018,188,2.880208395,4,Sofa,Fabric,Black,Rural,Summer,Online,-5817.897371,
442.1915628,226.4204527,38,48.79584511,143,8.912886575,9,Bed,Fabric,Black,Urban,Summer,Retail,22402.35331,
269.8894357,237.1962669,4,12.11354148,56,19.24179746,4,Table,Plastic,Green,Rural,Fall,Retail,-7090.032466,
241.781586,121.8854337,44,49.58862016,6,18.48276963,4,Chair,Glass,Black,Suburban,Spring,Online,8690.782754,
123.6307195,96.74084827,44,21.7501535,53,29.52580175,3,Table,Metal,White,Urban,Summer,Online,15095.34535,
407.6642969,305.371466,5,25.09241836,103,0.910177405,8,Chair,Plastic,White,Suburban,Winter,Online,3636.512425,
362.1570016,324.5084412,5,10.39564616,85,29.95794504,4,Sofa,Wood,Green,Rural,Spring,Retail,6595.34154,
337.3366764,293.9727972,3,12.85477752,127,20.89313378,9,Desk,Plastic,White,Urban,Spring,Retail,7790.163993,
343.2500714,205.4912707,25,40.13365537,18,18.03950473,5,Chair,Glass,Red,Rural,Winter,Retail,-2102.408234,
262.944458,210.4793751,44,19.95291452,133,4.527479481,7,Bed,Fabric,Green,Suburban,Fall,Online,6713.167317,
133.4864821,97.59950169,23,26.88435549,48,26.62687375,6,Sofa,Fabric,White,Suburban,Summer,Retail,9719.017825,
358.5043793,218.2048636,44,39.13467275,56,21.46688482,6,Desk,Fabric,Black,Rural,Fall,Online,15959.61442,
271.217546,172.7230088,25,36.31569517,89,25.05919383,3,Table,Metal,Brown,Urban,Spring,Online,5520.199145,
82.60109951,51.21076765,3,38.00231721,81,11.89068516,8,Bed,Metal,Red,Rural,Winter,Online,-4455.570745,
265.9724756,179.1424547,24,32.64624309,179,11.20903956,6,Table,Plastic,Black,Rural,Summer,Online,7800.442866,
320.0092467,181.0491391,6,43.42377884,66,20.66302548,8,Desk,Metal,White,Rural,Fall,Online,-2600.576205,
181.2481604,99.07626733,43,45.33667702,112,20.12986383,9,Sofa,Glass,White,Suburban,Summer,Retail,10534.45333,
158.9202571,131.6483343,11,17.16075931,27,12.97803978,4,Desk,Glass,Blue,Suburban,Spring,Online,5276.61435,
274.4996691,235.8925496,26,14.06454134,50,8.881915221,2,Table,Fabric,Blue,Rural,Fall,Retail,19670.0397,
54.39688134,45.18316095,40,16.93795703,16,17.15544987,1,Sofa,Fabric,Brown,Urban,Summer,Retail,-470.1651918,
196.9075887,161.5414657,46,17.96077198,107,17.5166947,5,Sofa,Fabric,Blue,Urban,Summer,Online,14742.51298,
125.367162,89.37634975,25,28.70832496,0,1.182286059,4,Table,Plastic,White,Urban,Winter,Online,4243.488859,
97.05552815,52.53674007,19,45.86939964,130,17.62537438,7,Sofa,Wood,White,Urban,Spring,Online,426.0506996,
367.9140769,267.5433342,11,27.28102811,36,28.7563682,7,Bed,Plastic,Red,Rural,Fall,Online,-2647.343315,
369.0772338,222.8740548,27,39.61316644,188,7.289053754,1,Chair,Metal,Brown,Rural,Fall,Online,4710.383208,
202.7525866,105.4596921,27,47.98601892,13,7.625331429,8,Sofa,Plastic,White,Rural,Fall,Online,697.5887064,
253.543228,152.4157994,33,39.88567527,150,13.93536752,5,Sofa,Metal,Red,Suburban,Summer,Retail,14545.28627,
86.73349191,71.83948349,33,17.17215357,25,21.88278282,7,Chair,Fabric,Red,Rural,Fall,Online,2638.839508,
77.1584378,53.3118633,47,30.90598408,40,28.91831203,8,Sofa,Wood,Blue,Rural,Spring,Online,1682.369478,
161.1964553,103.2185464,16,35.96723563,121,4.670256383,5,Table,Wood,Black,Rural,Fall,Retail,2238.722309,
488.656923,334.0701145,22,31.63503907,112,11.81962523,2,Sofa,Glass,Blue,Suburban,Summer,Retail,12508.41394,
139.7941029,122.0433205,13,12.69780486,122,13.52722015,7,Bed,Metal,Blue,Urban,Winter,Retail,13180.06377,
63.79362599,49.34734126,43,22.64534193,143,21.11826247,4,Desk,Metal,Brown,Suburban,Summer,Retail,6799.683872,
440.7226274,304.203715,43,30.97615233,139,27.97629378,8,Desk,Plastic,White,Suburban,Summer,Retail,25029.66022,
241.4720005,184.1378163,26,23.74361586,101,8.253832721,2,Chair,Glass,Black,Rural,Summer,Retail,183.4802896,
205.6707466,182.7303062,16,11.15396371,166,15.21431648,3,Table,Fabric,Red,Rural,Winter,Online,-3269.20167,
216.9674433,157.2743893,13,27.51244756,160,23.58878678,9,Bed,Wood,Red,Rural,Spring,Online,-4504.437662,
376.3659472,329.4680642,49,12.46071367,79,21.29715137,4,Table,Glass,White,Urban,Spring,Online,10688.87642,
455.3158388,292.2519756,49,35.8133518,45,25.29786128,5,Chair,Wood,Brown,Urban,Spring,Retail,16755.97819,
144.7979851,107.8357521,24,25.5267592,40,6.193356972,8,Desk,Plastic,Black,Suburban,Summer,Online,10471.40634,
334.202099,201.2346304,27,39.78654505,130,10.57307825,5,Chair,Fabric,Blue,Rural,Spring,Online,13727.82869,
131.4396287,75.27699309,14,42.72884531,108,0.426064685,6,Desk,Wood,Blue,Urban,Spring,Online,-6168.092803,
316.8278831,187.7370765,22,40.74477454,151,13.37841916,4,Table,Wood,White,Suburban,Spring,Retail,13360.77248,
486.4194703,365.7525468,10,24.80717382,52,27.28382394,2,Sofa,Metal,Green,Urban,Summer,Online,2483.118761,
83.0735363,59.19135732,2,28.74823927,196,6.835295642,3,Chair,Glass,White,Rural,Spring,Retail,-2763.232387,
422.9975146,350.9985185,34,17.0211393,179,0.678133181,9,Desk,Wood,Green,Rural,Summer,Online,15839.2898,
243.8993856,136.235978,35,44.14254974,131,7.315281899,5,Sofa,Plastic,White,Rural,Summer,Retail,16672.53326,
161.9214227,134.9083771,38,16.68281138,161,4.577226729,4,Table,Fabric,Brown,Suburban,Fall,Online,913.6437279,
440.7220762,277.6921396,5,36.99155215,160,8.362673984,5,Bed,Fabric,Black,Rural,Fall,Online,8376.774954,
142.6285445,73.55464802,3,48.42922343,32,14.12762479,9,Desk,Metal,Green,Rural,Spring,Online,6759.467026,
100.3638287,61.10144294,11,39.12005579,199,27.53542268,7,Bed,Fabric,Black,Suburban,Spring,Retail,-3379.977975,
471.4725615,310.2582329,1,34.1937881,172,12.81397593,2,Desk,Metal,Brown,Rural,Fall,Retail,3092.864194,
104.9494613,66.99159615,28,36.16775606,86,29.83577245,7,Chair,Metal,Blue,Suburban,Winter,Retail,518.437548,
440.5632325,241.4969526,35,45.18449685,178,5.794732534,5,Bed,Wood,Blue,Rural,Winter,Online,10608.28548,
254.632935,222.9087049,22,12.45880866,15,20.03773421,1,Desk,Wood,White,Suburban,Winter,Online,6665.984706,
63.48811544,45.62150691,35,28.14165833,140,24.98946224,2,Chair,Plastic,Brown,Suburban,Fall,Online,1397.591823,
353.044595,235.5718005,42,33.27420847,126,15.33894073,1,Desk,Plastic,Blue,Rural,Winter,Online,17822.39513,
249.6875987,164.1050676,10,34.2758437,46,27.65367699,1,Bed,Glass,White,Rural,Spring,Retail,2850.786179,
427.1518803,316.5109049,24,25.90202232,191,27.91987512,6,Sofa,Fabric,Brown,Rural,Fall,Retail,5129.855951,
328.0312581,273.571142,31,16.60211177,71,10.77485473,6,Sofa,Wood,Blue,Urban,Winter,Online,9340.538192,
360.287038,313.660678,14,12.94144808,18,17.36749598,2,Desk,Glass,Red,Suburban,Summer,Online,-1003.898095,
346.4984616,178.7089147,1,48.42432665,16,15.45253129,1,Desk,Fabric,Red,Rural,Summer,Online,-4715.053525,
343.0548397,225.4412473,26,34.28419564,88,19.48597293,6,Chair,Metal,Green,Suburban,Summer,Online,14099.89086,
382.3021442,274.3703983,6,28.2320535,191,27.43321109,1,Chair,Metal,White,Suburban,Summer,Online,-80.96694154,
413.5306739,268.7489485,17,35.01112118,172,7.693320524,2,Table,Wood,Green,Rural,Fall,Online,9221.123194,
246.0124917,164.9387048,12,32.95515048,127,3.281997764,4,Table,Metal,Black,Suburban,Winter,Online,-481.2642831,
418.0253973,348.1923384,39,16.70545841,109,19.79462528,9,Sofa,Metal,Brown,Rural,Winter,Retail,15198.89716,
196.0636235,162.1293481,22,17.30778751,32,27.00704572,6,Sofa,Metal,White,Rural,Fall,Online,7595.483032,
214.9076907,187.4337557,23,12.78406319,30,15.68944545,6,Table,Wood,Blue,Urban,Winter,Retail,10397.0392,
228.2777112,122.8463648,30,46.18556315,182,3.435185894,6,Sofa,Metal,White,Urban,Spring,Retail,6242.26836,
224.8511456,142.7763653,9,36.50182884,11,6.202815722,3,Desk,Metal,Brown,Urban,Spring,Online,-4371.377405,
152.2713323,121.9674086,35,19.9012665,31,27.34854617,3,Desk,Glass,Red,Rural,Spring,Online,4992.647291,
82.9381657,43.17076995,27,47.94824604,56,15.06486032,3,Bed,Plastic,Red,Rural,Summer,Online,1714.629019,
283.5868033,206.6775947,30,27.12016487,13,19.43010008,7,Desk,Glass,White,Urban,Winter,Retail,11628.54211,
265.6318449,218.3953127,46,17.78270683,32,12.65264941,1,Table,Glass,Red,Urban,Winter,Retail,8551.770855,
323.5572918,249.7470422,40,22.81211133,91,23.79030923,9,Table,Metal,Red,Urban,Summer,Online,8002.869422,
415.8435824,213.6891598,27,48.61309183,170,15.55916072,7,Chair,Plastic,Black,Suburban,Fall,Retail,10562.68633,
138.1000936,104.4867783,37,24.33982075,96,10.10457333,8,Chair,Fabric,Green,Urban,Summer,Retail,-6564.381373,
77.12032563,51.24812132,20,33.54784112,26,25.26072654,1,Bed,Glass,Red,Urban,Fall,Retail,-66.755291,
208.2302093,160.119356,20,23.10464627,171,25.16113574,2,Bed,Glass,Black,Suburban,Summer,Retail,10033.39122,
178.1928059,117.3928619,26,34.12031351,124,18.65887872,3,Sofa,Glass,Blue,Rural,Winter,Online,11256.02326,
190.0884646,146.0845685,33,23.14916699,5,13.7238494,5,Sofa,Glass,Blue,Suburban,Winter,Retail,9018.688372,
131.6472565,100.5481178,35,23.62308152,81,25.24249308,2,Chair,Metal,Red,Rural,Spring,Retail,5044.225701,
412.6966474,260.8712737,47,36.7886133,68,2.096754357,2,Sofa,Wood,Red,Suburban,Winter,Retail,14879.53944,
418.6349867,347.1778816,40,17.06907149,94,21.96912577,2,Chair,Wood,Green,Urban,Spring,Online,12016.82894,
209.0396207,129.1085106,45,38.23730151,37,8.140771056,4,Table,Glass,Green,Rural,Spring,Online,5733.690054,
253.2954554,212.4528018,44,16.12451102,37,27.17967452,6,Desk,Wood,Blue,Suburban,Summer,Retail,5874.411871,
93.07154998,67.95560301,15,26.98563307,75,19.41333783,8,Sofa,Metal,Black,Rural,Summer,Online,429.1898533,
60.63736372,40.72556624,36,32.83750523,144,0.991565846,2,Chair,Glass,Red,Rural,Spring,Retail,7363.047859,
323.1923162,260.9559903,5,19.25674676,90,2.364542317,4,Bed,Wood,White,Urban,Summer,Retail,1365.335691,
494.5034841,290.5136541,18,41.25144444,11,26.06854184,2,Sofa,Fabric,Brown,Urban,Spring,Online,5677.088378,
310.2741127,212.889858,29,31.38652264,90,7.694625696,9,Bed,Glass,Blue,Suburban,Fall,Online,8672.455407,
195.517203,131.1058871,25,32.94406573,66,2.496054495,3,Table,Metal,Red,Suburban,Winter,Retail,9141.504458,
151.995381,109.3239061,21,28.07419189,196,8.801884344,5,Bed,Glass,Green,Urban,Winter,Online,3291.750442,
80.42565362,71.2668678,17,11.38789105,93,15.0513845,1,Sofa,Plastic,Blue,Suburban,Fall,Retail,-1208.598142,
446.0355894,323.6290732,30,27.44321733,53,25.88587731,8,Table,Fabric,Green,Urban,Fall,Online,2129.566395,
347.8276354,230.4831878,33,33.73637851,127,10.9315893,9,Sofa,Fabric,Green,Suburban,Winter,Online,21184.2286,
378.7927296,297.6884839,40,21.41124666,85,7.475234917,7,Bed,Metal,Black,Rural,Winter,Online,15584.80196,
259.3425255,160.1028696,18,38.26586314,117,21.56424705,2,Chair,Glass,Black,Rural,Winter,Online,1488.466182,
360.5022009,277.7829619,19,22.94555729,119,23.67731368,1,Bed,Fabric,Green,Suburban,Summer,Online,1487.109922,
140.4201599,108.38376,27,22.8146727,177,10.75522894,7,Sofa,Metal,Black,Urban,Summer,Online,533.3565941,
93.50440234,57.81654334,35,38.1670361,85,29.89351515,4,Sofa,Glass,Brown,Rural,Winter,Online,8721.193543,
349.210276,267.0529133,25,23.5266166,58,20.4181161,9,Sofa,Wood,Brown,Urban,Summer,Retail,8335.909548,
229.6921621,181.8039239,24,20.84887782,116,18.68918663,6,Chair,Glass,Brown,Rural,Summer,Online,11535.25156,
496.617576,380.4201852,11,23.39776044,124,1.303687389,8,Desk,Metal,Green,Suburban,Fall,Retail,4547.414597,
292.9807086,186.6557741,16,36.29076298,122,15.82691164,9,Sofa,Fabric,Brown,Rural,Winter,Retail,5534.97936,
284.4310898,152.9578129,30,46.22324409,68,25.15502971,7,Table,Fabric,Green,Suburban,Winter,Retail,9054.154135,
471.6310204,238.2486489,36,49.48410121,76,10.05277303,1,Bed,Glass,Brown,Suburban,Fall,Online,9669.685026,
299.2110083,214.2709163,48,28.38802373,31,1.035116295,7,Table,Plastic,Green,Rural,Summer,Retail,14178.95503,
320.26745,226.039812,6,29.42154689,170,21.36564581,9,Chair,Fabric,White,Urban,Fall,Retail,5175.337859,
273.6335673,178.406796,20,34.80083684,153,7.848744189,7,Sofa,Metal,Red,Rural,Winter,Online,7765.184026,
417.8523688,225.0794936,3,46.13420663,76,24.66824134,4,Bed,Metal,White,Suburban,Summer,Online,-336.6697876,
445.0884442,398.324988,6,10.50655366,130,28.9316777,5,Bed,Glass,White,Suburban,Fall,Retail,-4757.895252,
187.1056126,168.0634179,37,10.17724398,14,8.368985833,1,Chair,Glass,Red,Urban,Fall,Retail,4769.596238,
128.0860317,80.79364724,34,36.92235903,29,6.464082982,8,Bed,Plastic,Black,Rural,Fall,Online,1073.383416,
362.72799,225.7247515,47,37.7702417,102,6.010525543,1,Chair,Plastic,Black,Rural,Spring,Retail,21559.33008,
115.8682965,91.77924007,14,20.79003242,142,10.30594834,2,Chair,Wood,Red,Urban,Winter,Retail,4749.187498,
215.39049,161.0408126,40,25.23309059,168,28.90452836,1,Chair,Glass,Blue,Rural,Fall,Online,4922.392298,
61.61535813,31.44082973,48,48.97241421,108,18.91563427,6,Sofa,Wood,Black,Urban,Summer,Online,858.3799903,
484.6199725,407.0728932,25,16.00162678,76,3.828695587,1,Chair,Plastic,Black,Rural,Fall,Retail,4870.773419,
190.3172599,104.7163467,18,44.9780084,4,14.1462038,3,Bed,Metal,Green,Rural,Summer,Online,1105.895684,
247.7802599,134.5986535,18,45.67821762,90,7.918825624,8,Chair,Glass,Black,Urban,Summer,Retail,7102.320353,
77.6073322,56.98202527,42,26.57649265,53,15.65625331,3,Desk,Wood,White,Suburban,Fall,Online,1053.844158,
497.6898427,412.1006278,28,17.19729992,52,19.41503316,9,Table,Glass,White,Suburban,Spring,Retail,2524.829974,
492.6555164,382.164789,11,22.42758352,45,9.340177288,1,Table,Metal,Red,Rural,Fall,Online,2436.210906,
186.4738164,160.2134766,39,14.08258826,94,28.57996284,7,Chair,Wood,Green,Suburban,Winter,Online,8736.243614,
95.47061495,78.66490047,36,17.60302319,164,11.58409196,4,Table,Glass,Green,Suburban,Summer,Retail,7818.853289,
279.2399577,180.3691833,19,35.40710119,69,2.482052492,4,Sofa,Wood,White,Urban,Winter,Online,8866.028455,
326.8487472,188.2565289,31,42.40255454,188,5.967520785,1,Table,Fabric,Black,Suburban,Spring,Online,12645.8555,
137.5801303,110.9736364,44,19.33890735,159,14.10851809,1,Chair,Glass,White,Suburban,Fall,Online,3696.976014,
236.3583886,149.5063449,20,36.74591125,111,27.84318268,5,Chair,Fabric,Blue,Rural,Summer,Retail,4134.571687,
422.392053,325.3538827,15,22.97348391,193,15.90789677,1,Table,Metal,Green,Rural,Spring,Online,1867.288181,
396.1872021,317.9408306,22,19.74984834,37,23.91465317,6,Bed,Metal,Brown,Rural,Summer,Online,8342.140182,
237.2692992,157.7631784,23,33.50881089,182,9.554082768,7,Bed,Fabric,Blue,Urban,Fall,Online,8538.046277,
266.6048682,232.9838525,26,12.61080338,74,21.69688376,7,Bed,Plastic,Black,Urban,Spring,Online,6363.495015,
166.9159439,91.49980455,28,45.1821064,178,23.75148503,1,Table,Glass,Brown,Suburban,Summer,Retail,-384.9919124,
146.8408424,77.06423346,11,47.51852945,85,25.72455761,4,Desk,Metal,Red,Rural,Spring,Online,-2891.559855,
410.6917003,313.4566977,10,23.67591128,136,17.99157033,2,Sofa,Glass,Red,Suburban,Fall,Online,5578.736538,
254.4698006,138.9553903,44,45.39415286,69,24.94794889,6,Table,Fabric,Black,Rural,Summer,Retail,2675.715312,
94.13716135,62.68878454,3,33.40697378,58,22.50277239,5,Bed,Plastic,Blue,Suburban,Summer,Retail,137.6996832,
403.2574447,355.6030493,43,11.81736285,119,13.16726221,7,Sofa,Wood,Red,Urban,Summer,Online,21800.14581,
479.9006089,331.5952325,19,30.90335242,31,18.24639817,2,Bed,Metal,Red,Urban,Summer,Online,8550.11132,
404.1065238,299.3308728,48,25.92773064,177,6.599984167,3,Table,Fabric,Blue,Suburban,Spring,Online,15816.5848,
191.9331031,140.6283595,22,26.7305341,168,14.37648772,4,Bed,Wood,Black,Suburban,Spring,Online,7290.472004,
359.6606177,237.5863055,21,33.94152884,193,20.26213311,4,Table,Plastic,Brown,Rural,Fall,Online,3813.244349,
164.6017799,90.6510739,32,44.9270391,115,2.389248189,7,Bed,Wood,Green,Rural,Fall,Retail,3232.507953,
428.3922107,281.3238711,23,34.33030198,188,17.50306904,4,Desk,Fabric,Blue,Urban,Winter,Retail,9461.602868,
67.29185703,38.02422784,13,43.4935674,65,28.43610506,6,Bed,Metal,Brown,Rural,Spring,Online,6836.371055,
326.2701131,238.435799,35,26.9207355,37,7.507389758,8,Table,Plastic,White,Urban,Winter,Retail,10385.20707,
79.99341825,51.0511869,37,36.18076585,160,20.60815067,1,Bed,Metal,White,Urban,Summer,Online,3993.068463,
280.4998644,203.7383344,8,27.36597759,88,22.53441732,8,Table,Glass,Brown,Rural,Winter,Retail,-135.45801,
88.15640722,54.52741084,43,38.14696792,69,28.18005047,6,Sofa,Plastic,White,Urban,Fall,Online,12716.81112,
208.9631338,167.5996018,12,19.7946553,12,0.96495811,8,Bed,Fabric,Red,Rural,Winter,Online,2154.996103,
347.616775,240.1112646,2,30.92644489,56,12.87964026,5,Desk,Fabric,Black,Urban,Winter,Online,-2250.033399,
347.1362239,212.0404212,29,38.91723001,31,28.09040842,5,Sofa,Fabric,White,Rural,Spring,Retail,5711.626412,
86.97725036,77.26851045,30,11.16239002,12,21.07015302,8,Desk,Plastic,Brown,Suburban,Fall,Retail,5180.463248,
288.63596,254.0611613,27,11.97868716,162,9.335808074,5,Sofa,Wood,Red,Suburban,Spring,Retail,851.926023,
68.87805054,35.04697459,18,49.11735405,100,23.09976844,7,Sofa,Metal,Red,Suburban,Summer,Online,-1673.592027,
485.8199499,433.8413491,24,10.69914911,70,26.00292007,1,Bed,Fabric,Black,Rural,Winter,Retail,6902.246135,
490.9866482,300.5495723,38,38.7866099,172,0.347165963,6,Chair,Glass,Brown,Suburban,Spring,Retail,19566.76966,
312.0901962,210.9549513,40,32.40577441,137,18.69485261,7,Sofa,Wood,Brown,Urban,Fall,Retail,14076.2838,
386.6329307,292.9063932,47,24.24173682,65,14.07869733,3,Bed,Wood,Blue,Rural,Summer,Retail,13265.22494,
345.4153733,180.246779,11,47.81738367,71,11.03361256,8,Bed,Metal,Red,Rural,Fall,Online,-2638.587259,
467.6376381,305.5011905,1,34.67138536,59,26.78227629,7,Bed,Plastic,Brown,Rural,Spring,Retail,-9250.987194,
244.4345973,126.9459066,12,48.06549156,6,13.97310586,8,Chair,Fabric,Black,Suburban,Fall,Retail,386.6458463,
104.6756193,85.82493727,23,18.00866542,140,24.6360061,1,Desk,Wood,White,Rural,Winter,Online,2400.853936,
449.1162051,372.9339362,34,16.96270766,0,16.10769784,8,Table,Metal,White,Rural,Spring,Online,4620.472283,
340.6148657,256.3411336,11,24.7416483,122,21.83292122,1,Chair,Wood,Green,Rural,Winter,Online,-695.5477839,
257.2427738,192.9990447,14,24.97396842,51,26.99571846,6,Sofa,Glass,Red,Urban,Summer,Online,8006.33893,
377.8208047,216.8447193,28,42.60646408,69,29.71123289,2,Desk,Glass,Brown,Suburban,Fall,Retail,3368.079858,
345.272827,256.1039538,8,25.82562721,182,2.602433034,4,Desk,Metal,Red,Suburban,Summer,Online,123.2440405,
471.8246299,361.704909,4,23.33912093,23,18.99086716,9,Chair,Fabric,Brown,Suburban,Winter,Retail,7455.457548,
109.2779481,61.77992768,5,43.46532966,76,27.26472093,4,Table,Glass,Black,Suburban,Spring,Online,-73.44459537,
146.0801148,95.63614194,34,34.53171772,68,21.56977426,8,Bed,Glass,Green,Rural,Summer,Online,-5492.504056,
277.6337118,144.4972645,30,47.95399178,100,23.00786779,2,Bed,Plastic,Blue,Rural,Winter,Retail,14549.87828,
428.3163626,282.3107572,8,34.08826236,158,12.48355633,8,Desk,Plastic,Brown,Rural,Summer,Retail,3103.246021,
379.7606951,267.6108979,39,29.53170212,91,0.507294398,1,Sofa,Wood,White,Rural,Summer,Online,6679.994639,
294.0067425,203.8400826,47,30.6682286,91,18.54131037,9,Bed,Metal,Green,Rural,Winter,Online,6125.452287,
278.7622461,232.9500804,37,16.43413568,17,3.235673285,8,Table,Fabric,Red,Urban,Winter,Online,11403.12752,
442.9953121,234.1063089,28,47.15377284,153,14.60421231,5,Table,Metal,White,Suburban,Fall,Retail,945.2987844,
392.5046917,285.1183008,39,27.359263,114,28.96326662,1,Sofa,Metal,Green,Suburban,Spring,Online,8548.958516,
257.7008635,186.3562429,14,27.68505297,145,7.964976517,4,Table,Plastic,Red,Rural,Fall,Online,1067.025948,
299.4019314,164.4655263,47,45.06864883,70,8.545683929,4,Desk,Plastic,Black,Rural,Summer,Online,4807.477945,
65.89010972,42.38420095,19,35.67441134,93,7.577056774,1,Bed,Wood,Green,Urban,Summer,Online,-13579.77735,
215.5733381,120.079226,3,44.2977378,60,28.74368386,9,Desk,Metal,Red,Urban,Fall,Retail,4673.052362,
116.9996226,84.46117599,7,27.81072787,120,29.71122628,8,Bed,Plastic,White,Suburban,Winter,Online,8356.110634,
187.521897,99.51847543,23,46.92967752,67,20.49054955,1,Table,Plastic,White,Rural,Winter,Online,8514.879445,
215.7392887,163.2559188,34,24.32721933,159,25.83700236,1,Chair,Glass,White,Urban,Winter,Retail,3371.879075,
448.7881012,298.9724008,9,33.38227998,131,0.466876388,1,Sofa,Plastic,Red,Rural,Spring,Retail,823.3414224,
226.1865642,143.4359026,18,36.58513575,190,13.04404601,2,Desk,Glass,White,Suburban,Winter,Online,-759.2363418,
79.18411752,64.85223711,15,18.09943819,34,8.639358238,2,Sofa,Fabric,Red,Rural,Fall,Retail,3150.416928,
354.4105718,187.5164996,4,47.09060209,183,26.82321953,1,Desk,Metal,Green,Rural,Fall,Retail,-307.6816601,
412.2450499,252.3930434,19,38.77596747,110,26.64569859,2,Bed,Metal,White,Urban,Winter,Retail,2497.345722,
171.4193241,109.7041062,28,36.00248586,127,25.64238396,9,Desk,Plastic,Red,Rural,Summer,Retail,2394.055628,
421.2722346,342.4818254,21,18.70296751,50,25.35244913,5,Chair,Glass,White,Suburban,Spring,Retail,5658.466478,
84.67622561,50.48974113,14,40.37317941,143,5.322949567,8,Table,Fabric,Blue,Suburban,Fall,Online,4302.301046,
76.34791816,64.874577,33,15.02770663,145,14.32464151,6,Bed,Fabric,Red,Urban,Summer,Online,3658.942158,
282.7710754,252.0305419,22,10.87117326,41,10.98723543,8,Desk,Metal,Green,Urban,Winter,Online,3403.048897,
381.0484014,313.0946019,12,17.8333774,182,1.009509964,4,Sofa,Plastic,Green,Rural,Winter,Online,3254.480622,
339.1543398,263.4619493,40,22.31797788,106,13.36433049,2,Desk,Fabric,Blue,Urban,Spring,Online,13071.34032,
403.5432281,290.32327,30,28.0564634,124,0.635767387,2,Table,Plastic,Blue,Suburban,Fall,Retail,5869.122623,
61.78851884,52.63396888,8,14.81594013,126,12.32764709,4,Sofa,Glass,White,Rural,Winter,Retail,9858.220148,
172.8818645,100.8465135,47,41.6673844,7,26.73165582,6,Chair,Plastic,Green,Urban,Summer,Online,11019.99821,
283.1354448,181.8227124,6,35.78242651,63,9.992566443,6,Chair,Metal,Black,Suburban,Winter,Online,2858.435912,
378.2787029,274.4628245,34,27.44428316,138,17.9378828,3,Bed,Fabric,Green,Suburban,Summer,Retail,10866.11702,
75.67462452,45.74782346,46,39.54667928,100,15.15679433,6,Desk,Plastic,White,Rural,Winter,Online,7030.866418,
252.3829291,200.3525024,39,20.61566797,34,4.989351006,6,Chair,Plastic,White,Suburban,Spring,Online,8185.225067,
269.4070372,236.1594325,49,12.3410305,124,8.488427041,4,Chair,Plastic,Brown,Suburban,Winter,Online,7942.848888,
65.12612008,37.10649959,46,43.02362932,101,7.148633293,4,Table,Wood,Green,Rural,Winter,Online,4800.729628,
59.82052855,34.60723584,32,42.14822791,82,11.38892602,2,Sofa,Wood,Brown,Urban,Summer,Online,3275.898649,
73.51604568,54.31204376,47,26.12219106,192,29.06074351,2,Bed,Wood,Green,Urban,Summer,Online,331.1291504,
167.0710059,112.2498874,16,32.81306547,87,10.41141078,8,Table,Plastic,Blue,Urban,Spring,Retail,755.6097102,
304.3986146,176.3861609,13,42.05421692,37,10.09231642,9,Table,Plastic,Blue,Urban,Winter,Online,8877.312028,
258.769619,154.9364491,21,40.1257189,138,21.78546405,5,Bed,Glass,White,Urban,Fall,Retail,7099.496469,
487.4023983,303.4402491,21,37.74338203,194,15.29797486,7,Chair,Plastic,Red,Rural,Spring,Online,11775.8357,
101.3431032,67.96067476,6,32.94001011,134,2.976866882,6,Table,Fabric,Blue,Urban,Fall,Online,1879.219438,
151.3926185,80.63624588,1,46.73700298,48,27.94266582,6,Table,Glass,White,Suburban,Summer,Online,5738.285994,
302.5502547,213.972919,46,29.27690008,25,23.79024477,3,Sofa,Fabric,Blue,Suburban,Spring,Retail,9054.119868,
368.5257938,279.9880349,3,24.02484719,139,6.391816531,5,Desk,Plastic,Black,Suburban,Winter,Retail,-3002.91817,
86.77640559,71.10999396,12,18.05376879,159,9.127389345,5,Chair,Plastic,Black,Urban,Winter,Online,-6676.99846,
268.1133292,136.2163549,25,49.19448604,147,21.40372081,7,Sofa,Wood,Black,Suburban,Summer,Online,4517.976157,
351.0600518,254.8121135,11,27.41637444,35,27.63968901,3,Sofa,Plastic,Black,Rural,Summer,Retail,2563.761963,
258.0330025,197.4496613,36,23.47891185,66,1.619978765,5,Table,Plastic,Green,Rural,Winter,Online,12841.90046,
412.8816278,351.7342554,1,14.80990391,141,14.90310339,9,Chair,Glass,Brown,Urban,Spring,Online,7494.822534,
73.3804599,43.47295765,30,40.75676589,196,17.52804606,5,Table,Metal,White,Urban,Spring,Online,2004.290269,
142.1965734,84.69605493,4,40.43734464,126,20.01639875,7,Sofa,Glass,Black,Urban,Summer,Retail,3267.806613,
445.8118347,358.4337039,7,19.5997782,188,21.39657015,6,Table,Glass,Red,Rural,Winter,Retail,1467.626236,
441.7602913,276.1175034,22,37.496079,197,4.920921944,6,Sofa,Wood,Red,Suburban,Fall,Online,5086.445943,
157.4582951,104.5953025,29,33.57269468,23,28.66553119,6,Desk,Metal,White,Urban,Winter,Online,4780.25748,
399.0253329,291.2981612,34,26.99757706,156,8.377958341,9,Bed,Glass,White,Rural,Summer,Online,9658.381999,
179.2120811,120.248907,25,32.90133887,134,0.107326338,7,Desk,Metal,Green,Suburban,Fall,Retail,-2650.351823,
309.9170146,247.3403987,44,20.19141029,110,0.130322034,1,Table,Metal,White,Urban,Fall,Retail,15266.73162,
335.5620879,198.9513648,17,40.71101236,37,19.3595875,3,Bed,Plastic,Brown,Urban,Spring,Retail,8201.749208,
121.0796703,104.5766417,28,13.62989222,91,11.68104031,1,Bed,Wood,Brown,Rural,Fall,Retail,4586.792989,
406.9676077,325.7822785,15,19.94884303,170,12.81319689,9,Desk,Glass,Red,Urban,Spring,Retail,650.0023538,
174.6070193,154.0936197,33,11.74832474,166,12.68276331,3,Table,Fabric,White,Urban,Winter,Online,4801.806049,
492.5846627,320.5103463,20,34.93294238,67,24.01545374,9,Chair,Metal,White,Urban,Fall,Online,18599.92399,
132.9011777,92.2958093,37,30.55305384,43,23.59646809,5,Sofa,Plastic,Green,Rural,Summer,Online,-210.0190891,
411.6215909,346.9527004,25,15.71076251,114,10.61408492,5,Desk,Fabric,White,Rural,Winter,Retail,10894.6667,
242.3703596,170.6840332,13,29.57718365,120,22.18510365,9,Table,Plastic,White,Suburban,Winter,Online,-6979.003541,
301.8900576,247.8391824,25,17.90415878,105,24.88567246,7,Table,Plastic,Green,Suburban,Winter,Retail,5816.851471,
418.5785812,367.637518,45,12.17001191,31,8.540231758,4,Bed,Metal,Blue,Rural,Summer,Retail,20369.39899,
157.9433507,89.60306902,48,43.26885646,10,10.38525232,9,Sofa,Wood,Brown,Suburban,Spring,Retail,7125.481087,
113.8873954,95.04778677,8,16.5423123,1,10.14856777,1,Table,Glass,Green,Suburban,Summer,Online,-6599.225594,
252.6579405,145.449698,42,42.4321683,168,3.735157631,6,Table,Glass,Blue,Urban,Fall,Retail,15559.97309,
262.0792253,218.0040742,16,16.81749137,86,18.98998332,9,Table,Plastic,White,Rural,Fall,Online,2095.427901,
196.2968069,152.8778507,29,22.11903336,16,25.65265992,3,Bed,Metal,Blue,Urban,Fall,Online,7102.952439,
152.2308007,100.945951,44,33.68887862,47,24.75644837,6,Table,Plastic,Black,Rural,Fall,Online,8582.120885,
280.6946389,211.2368603,39,24.74496089,154,14.91421391,6,Sofa,Fabric,Black,Rural,Summer,Retail,8590.207133,
472.2371683,310.3772741,39,34.27512807,127,11.99886374,9,Sofa,Fabric,Green,Urban,Spring,Retail,22203.45159,
394.7291494,199.0564309,15,49.57138809,193,18.78538359,7,Sofa,Plastic,Black,Urban,Fall,Retail,5717.428008,
99.94526115,67.58957731,38,32.37340466,159,24.53387043,1,Table,Plastic,Black,Urban,Spring,Retail,12140.55107,
439.0536243,308.6999798,16,29.68968647,104,5.302706023,2,Chair,Glass,Blue,Rural,Spring,Retail,7655.568355,
240.1467927,183.7743743,22,23.47415004,100,8.857818903,8,Sofa,Glass,Black,Suburban,Winter,Online,50.1303269,
436.2537546,252.2790269,28,42.1714944,70,19.28255742,3,Desk,Metal,Brown,Rural,Spring,Retail,11141.44536,
293.3143145,153.0787118,37,47.81069172,144,20.11060919,1,Chair,Glass,White,Rural,Spring,Retail,5724.941451,
93.44051159,54.35405056,34,41.83031575,192,29.69941845,5,Desk,Fabric,Blue,Rural,Summer,Online,2396.468498,
183.7570135,146.4390682,34,20.30831074,61,24.68250044,2,Sofa,Fabric,Blue,Suburban,Spring,Online,9009.539538,
71.66427619,37.77007627,23,47.29581002,34,10.30941925,8,Table,Metal,Green,Suburban,Winter,Online,4433.603322,
433.5187435,377.8216358,7,12.84768157,199,7.954686891,5,Desk,Metal,Red,Suburban,Spring,Retail,1021.210877,
85.53612299,55.59248982,34,35.00700303,56,0.030668988,1,Table,Glass,Red,Suburban,Winter,Online,1506.249196,
157.7795765,118.1031013,49,25.14677503,31,18.00545833,4,Table,Wood,Black,Urban,Winter,Retail,9143.085733,
435.0632422,258.0322411,10,40.69086604,91,8.085318637,6,Table,Fabric,Brown,Suburban,Spring,Online,-1527.042863,
424.1180815,218.6681316,18,48.44168615,69,5.04640807,2,Bed,Fabric,Red,Rural,Winter,Online,4196.7451,
459.3320687,311.2771076,49,32.23266372,85,0.504218395,8,Sofa,Plastic,White,Suburban,Winter,Online,26008.57935,
423.1790597,297.7308555,23,29.6442372,22,20.88104197,3,Chair,Metal,White,Suburban,Fall,Online,10276.33949,
192.6259645,131.8126839,6,31.57065599,174,13.08124749,3,Table,Plastic,Brown,Suburban,Spring,Retail,-1018.139673,
320.865544,287.0971337,34,10.52416218,104,20.47934647,8,Desk,Wood,White,Rural,Summer,Online,2134.964018,
316.263723,266.6141906,40,15.69877569,15,14.96191095,3,Desk,Metal,Green,Suburban,Winter,Online,6115.795999,
156.8450608,122.7389139,21,21.74512013,83,22.04124017,9,Sofa,Wood,White,Urban,Fall,Retail,5585.234754,
81.91949726,48.61323695,18,40.65730556,40,0.767369496,2,Bed,Glass,Green,Rural,Winter,Retail,1971.964655,
262.6220098,189.6708227,39,27.7780172,123,21.3278891,3,Sofa,Plastic,White,Urban,Summer,Online,11780.87878,
176.307447,155.3905345,49,11.86388482,8,15.95470532,8,Chair,Plastic,Blue,Urban,Spring,Retail,5766.781188,
143.1466603,75.02184456,36,47.5909222,113,1.863773122,5,Sofa,Metal,Green,Suburban,Winter,Retail,6080.713623,
53.44881469,33.57443493,24,37.18394855,47,26.45138014,8,Bed,Wood,Red,Suburban,Summer,Retail,10966.95382,
98.61158936,54.13767822,42,45.10008552,118,7.594563765,1,Chair,Glass,Red,Urban,Winter,Online,4302.743557,
280.7004767,242.4611564,7,13.62281985,79,23.40777993,8,Sofa,Fabric,Brown,Rural,Summer,Retail,-1534.645542,
469.2891737,388.8061095,7,17.14999382,149,9.668924202,6,Desk,Metal,Red,Rural,Fall,Online,3341.275608,
228.6567686,164.1417983,24,28.21476516,76,16.73408044,4,Bed,Fabric,Black,Urban,Winter,Online,-4880.917839,
89.19174506,47.37353607,11,46.88573922,115,25.83858998,1,Bed,Metal,Green,Urban,Winter,Retail,-810.0474803,
272.0959612,137.4877832,28,49.47084748,51,3.796864095,5,Table,Plastic,Black,Suburban,Spring,Online,7594.178348,
227.559234,188.3849,37,17.21500522,64,26.02671862,4,Sofa,Glass,Blue,Urban,Winter,Retail,13002.05593,
234.9594839,136.2031638,24,42.03121257,75,17.21851269,2,Table,Fabric,White,Suburban,Summer,Online,5691.583549,
479.7772302,270.5712831,11,43.60480947,198,0.095228946,5,Bed,Metal,Blue,Suburban,Summer,Online,8.830203725,
419.5392271,325.77165,31,22.35013345,137,28.78717763,5,Sofa,Plastic,White,Rural,Spring,Online,12093.98271,
321.7079538,243.9233917,15,24.17862574,13,9.333620423,7,Bed,Glass,Blue,Rural,Fall,Online,2183.652936,
222.7274974,119.1544449,39,46.50213993,170,18.69398762,7,Bed,Wood,Blue,Suburban,Summer,Retail,8002.785848,
238.5265056,145.4046224,2,39.04047602,67,16.30781905,6,Bed,Plastic,Black,Rural,Fall,Retail,1750.226676,
86.08100634,55.17197012,13,35.90691783,166,19.48531481,2,Chair,Glass,Red,Urban,Fall,Online,3004.221623,
473.7765702,270.8286796,17,42.83620243,146,11.34584049,5,Bed,Metal,Red,Urban,Winter,Online,12189.65229,
336.2432209,300.0980938,8,10.7496969,150,5.711498132,5,Chair,Glass,White,Rural,Winter,Retail,2051.409565,
290.2853626,251.6945105,26,13.29410888,190,7.546366594,3,Table,Glass,Black,Urban,Summer,Online,3256.489941,
113.9617057,97.43584253,7,14.50124239,157,10.30261848,3,Sofa,Fabric,Black,Rural,Spring,Online,7832.734279,
182.7683184,96.43126517,6,47.23852252,120,6.746252754,6,Sofa,Metal,Blue,Suburban,Winter,Retail,-924.8206844,
343.5312419,224.2741644,6,34.71506022,189,26.83149229,3,Desk,Fabric,Red,Rural,Fall,Retail,838.9933407,
243.4689848,144.8624201,28,40.50066779,85,14.31480139,7,Sofa,Plastic,Black,Urban,Spring,Retail,6715.359479,
405.043322,315.2986608,25,22.15680554,8,26.33496504,1,Table,Wood,Red,Suburban,Summer,Online,12789.3498,
409.2711532,339.5309643,1,17.04009392,149,16.89282834,1,Chair,Metal,Green,Urban,Winter,Retail,5493.880762,
420.0900682,244.3391139,6,41.83649355,154,17.81062858,5,Sofa,Wood,Green,Suburban,Spring,Online,7355.764364,
243.9433492,139.5510762,28,42.79365409,60,0.536205925,7,Desk,Wood,Red,Urban,Winter,Retail,3557.354633,
217.0275905,138.2838746,1,36.28281349,133,20.40428529,6,Chair,Metal,Red,Rural,Spring,Retail,-14214.56551,
243.7382023,181.3229677,18,25.60748954,190,9.756635741,4,Table,Plastic,Black,Rural,Fall,Online,9973.597774,
114.1673648,68.08045727,41,40.36784736,122,27.70154004,1,Sofa,Metal,Brown,Rural,Winter,Online,7952.09399,
450.5436658,294.981254,14,34.52771032,183,12.52043761,5,Bed,Plastic,Black,Suburban,Fall,Online,12315.61161,
82.27034998,57.05811481,37,30.64559125,177,27.91432776,6,Table,Plastic,Blue,Suburban,Fall,Retail,1169.172655,
148.0516494,86.21310349,22,41.76822492,119,27.99407605,6,Desk,Glass,White,Rural,Fall,Retail,9440.64364,
254.3007295,182.7585357,4,28.1329094,179,0.19485048,4,Bed,Glass,Brown,Urban,Winter,Online,3259.719824,
113.2488354,81.72005411,6,27.84026978,73,17.19083881,4,Bed,Plastic,White,Rural,Summer,Retail,-7300.661776,
60.50844335,48.11456592,36,20.48288924,94,9.131033503,3,Bed,Fabric,Red,Rural,Fall,Retail,-5043.86229,
390.2961263,288.4177908,17,26.1028303,112,20.47479101,9,Bed,Glass,Red,Suburban,Fall,Online,4978.192283,
102.2625321,70.15358327,46,31.39854663,102,21.51790576,1,Desk,Glass,Blue,Rural,Winter,Online,1833.45604,
422.0183119,268.7636449,8,36.314696,61,7.688794869,2,Bed,Glass,Green,Urban,Spring,Online,-515.282547,
223.4803571,193.0466656,33,13.61806108,67,13.76420863,6,Desk,Fabric,Green,Rural,Winter,Retail,3769.039196,
425.1424829,274.3453543,46,35.46978593,118,18.00043432,8,Sofa,Plastic,White,Rural,Spring,Retail,15748.67196,
248.1986076,202.9207417,49,18.24259466,123,5.42455437,5,Table,Fabric,Brown,Urban,Spring,Online,6951.65324,
484.8878236,252.3867227,27,47.94946163,24,15.37424112,5,Table,Metal,Red,Suburban,Winter,Retail,14756.05779,
206.2746676,158.7288707,24,23.04975081,182,12.68060807,7,Desk,Metal,Green,Suburban,Fall,Online,4756.62128,
249.8196871,160.5823391,49,35.72070282,92,2.092710369,1,Chair,Plastic,White,Urban,Spring,Online,17239.18527,
230.8004603,184.5821545,48,20.02522253,55,7.692214746,1,Bed,Metal,White,Suburban,Winter,Retail,16116.58728,
263.9957169,233.0696569,49,11.7146067,9,17.93387498,9,Table,Glass,Blue,Suburban,Winter,Online,16256.84667,
294.3610628,197.4697694,21,32.91579819,30,0.44606923,2,Bed,Plastic,Black,Urban,Spring,Retail,9335.904824,
405.7294074,236.2935669,6,41.76079856,199,9.256994928,2,Table,Wood,Black,Urban,Spring,Online,12284.32422,
106.1693663,53.12474786,36,49.96226339,156,29.75680449,7,Bed,Metal,White,Suburban,Summer,Retail,7390.872858,
174.0954057,155.1039523,12,10.90864707,79,3.848303174,2,Desk,Metal,Black,Urban,Spring,Retail,1394.23676,
178.6026,158.9856311,41,10.98358529,109,1.494236328,9,Desk,Wood,Blue,Rural,Winter,Retail,-1977.177207,
280.073958,147.7043631,26,47.26237163,33,24.98325094,8,Bed,Fabric,Red,Urban,Winter,Online,3877.265161,
491.3327046,405.987306,38,17.37018477,6,19.78125562,4,Desk,Metal,Black,Suburban,Fall,Retail,18963.24694,
